"para_data","se_data"
-4.6517313470148,NA
0.0241004355202271,NA
0.0225346002546443,NA
-4.96411570050235,NA
0.141033569429085,NA
0.165764328336413,NA
5.85164907210976,NA
0.121649187366385,NA
-0.0879885501577869,NA
