"para_data","se_data"
-4.70398647726673,0.468334883207336
0.0265977554874484,0.0187137555370548
-0.00519027633742513,0.00242878294283456
-4.2741741250688,0.262377314873908
0.0742405025318104,0.0122183705310524
-0.00459339296719608,0.00143986137333496
4.62695984672354,NA
0.147951329149178,0.00488587439640813
0.00569422188880692,0.00021513463479382
