"para_data","se_data"
-4.6524458790255,NA
0.0106082241653183,NA
0.00444255156655684,NA
-4.9669035344775,NA
0.0845919183254965,NA
0.0560172841651594,NA
5.85177843615507,NA
0.129226013061957,NA
-0.0892741484312128,NA
