"para_data","se_data"
-3.83815191015411,0.297430529547928
-0.0257880016531917,0.0139916421479246
-3.16007700569998,0.191515321521528
0.01213429249102,0.00888157064243724
3.82576136304916,0.0552570528214229
0.198748223633618,0.00290198817874796
