"para_data","se_data"
-4.59407886591701,NA
1.03710330851257e-06,1.24725826167918e-05
-4.66735053988259,NA
0.000114939443203436,1.16383482475882e-05
5.94938091389354,NA
0.000104291827785568,7.14921432708408e-06
