"para_data","se_data"
-6.46932092358122,2.06561115912528
0.0195254139826528,0.0405158664292322
0.0525816423854446,0.0389777595630547
-4.28014107619907,1.20648741809122
0.0292004710320818,0.024227023883572
0.023797438795145,0.0229269027856286
4.51424334211327,0.112974735764719
0.189529438924641,0.00594545496957073
-0.015436986881553,0.0005336638796147
