"para_data","se_data"
-4.67134520060317,0.218584207514071
1.36312122307538e-05,9.54530685430777e-06
-4.27511509624463,0.0835974519933392
0.000105868074391394,NA
6.31476109056703,NA
6.04307292217048e-05,NA
