"para_data","se_data"
-4.65269786639007,NA
0.00399436249397574,NA
-0.00240356402598,NA
-4.9680244103238,NA
0.0623237836087541,NA
0.0155120049590457,NA
4.68290698707731,NA
0.136451158088406,NA
-0.0260829975631799,NA
