"para_data","se_data"
-6.3280290262408,2.67586811499086
0.108639015838805,0.0524164773773105
0.070527808313183,0.0503165008442645
-5.37212594658864,2.00919752015485
0.209164094853043,0.0457355526296923
0.053536054918954,0.0378732960718841
3.65593335970999,0.117930880118223
0.119034756305561,0.00451687065688361
-0.0203168534187044,0.00109187641978002
