"para_data","se_data"
-4.65249119439122,NA
0.0096680018956012,NA
0.0032107410470615,NA
-4.96700608673048,NA
0.0823508135254081,NA
0.0542633467010856,NA
5.85177741373584,NA
0.129159375082544,NA
-0.0892668078776116,NA
