"para_data","se_data"
-4.5733923351225,NA
-9.24491532757608e-08,NA
-4.3174513314617,NA
9.41203060041344e-05,NA
6.3764032763951,NA
7.01611509009121e-05,NA
