"para_data","se_data"
-1.31376198370523,0.030664543952457
-0.732792165439862,NA
-2.85314429067178,0.0361354901033233
-1.00342942738684,0.030989030630931
-2.00442174581095,0.0356895220960853
-3.10028879091196,0.0666174261692877
-3.32073340028256,0.0843329452802716
-1.23195869869882,0.0472124706824421
-3.6098254187351,0.0850984135180321
-2.72301874752744,0.0700941587712289
