"para_data","se_data"
-0.970719446111943,0.0111747401407431
-0.662603761851484,0.0139012484725344
-0.627984326069037,0.0163716119202948
-2.36029850585262,0.0330048969268155
-1.56577656903302,0.0303412065242073
-1.06156215376484,0.0109937267284349
-1.11461345649801,0.0179723181751086
-1.43553780235726,0.0309973147959542
-0.979109390166876,0.0172672212506859
-1.02494335638424,NA
