"para_data","se_data"
-1.04914257350307,0.0172436796493412
-2.07557222848525,0.0228342819843042
-0.905892501001088,0.0575062612531935
-1.11567951317404,0.0167003556761695
-1.32860950825006,0.0516081028903626
-2.98192551711779,0.0235625277707495
-1.81764644157931,0.0217659464927763
-3.02118739092269,0.0517679084849971
-3.46358300836433,0.0575627781176817
-2.57399594053242,0.0451779668231856
