,scenario,ground_truth,observed_trip,overlap_trip,inferred_trip,,overlap_percent,missing_percent,recovered_missing
1,scenario_0.1_0.1,16078,10223,1022,15489.58837,,0.06356512,0.364162209,0.89950271
2,scenario_0.1_0.5,16078,11567,2290,15997.56252,,0.142430651,0.280569723,0.982168593
3,scenario_0.1_0.9,16078,12805,3526,16087.71762,,0.219305884,0.203570096,1.002969025
4,scenario_0.5_0.1,16078,11522,3567,15919.67084,,0.221855952,0.283368578,0.965248209
5,scenario_0.5_0.5,16078,12783,4822,15967.66987,,0.299912924,0.204938425,0.966515895
6,scenario_0.5_0.9,16078,14090,6066,16095.02147,,0.377285732,0.12364722,1.008562105
7,scenario_0.9_0.1,16078,12820,6054,15991.19442,,0.376539371,0.202637144,0.973356177
8,scenario_0.9_0.5,16078,14108,7357,16041.71923,,0.457581789,0.122527678,0.981583368
9,scenario_0.9_0.9,16078,15412,8597,16119.84651,,0.534705809,0.041423063,1.062832597
