"para_data","se_data"
-1.32847640662671,0.0745790913875718
0.00016780147202845,5.35283469119947e-06
-1.56867620096229,0.0808070339754958
0.000227575122815025,6.25905356627442e-06
0.0123101650201211,0.000470475726358295
0.0152267557349601,0.000497678954638641
0.0165364091319838,0.000508224707596207
0.039920163770317,0.000647611145583326
0.0521201365404837,0.000728063477174886
