"para_data","se_data"
-2.3090897706029,0.0611245033970256
0.000219107827651227,5.61763538069513e-06
2.04227352072616,0.0780777143198946
-0.000175659790676668,5.33378269437863e-06
0.0220986377123323,0.000568087874684699
0.02421244595736,0.000598860088827704
0.0250699229576374,0.00060991784282586
0.047251152345703,0.000822823861444898
0.059350954971297,0.000916138251891318
