"para_data","se_data"
-2.83863398431593,0.198336115136997
-0.000148943858021428,1.64840010511764e-05
-0.00523110986652008,0.0144541907697201
4.5082954778842e-07,2.24508356935751e-06
0.0115315100821818,0.00011832700681265
0.015234905451701,NA
0.0170094385818772,0.000579336912931618
0.0648637350038448,0.00129340963954139
0.0973689550830053,0.00189416210622065
