"para_data","se_data"
-1.68238310289843,0.396829633843608
-6.89325201550938e-05,2.88139856810478e-05
-0.658511809474163,0.530996778467199
4.72256904198016e-05,4.03263848310307e-05
4.25534589747761,0.286818621618685
0.000155009346839403,2.06960455352109e-05
