"para_data","se_data"
-4.58785777208489,1.12609789699921
6.98258625139086e-05,7.39234378269023e-05
-3.83595391797104,1.17262467234734
0.000178957056353975,8.96699174130296e-05
7.02176281856,1.08013763483051
2.31651193562448e-05,7.00585857099184e-05
