"para_data","se_data"
-4.43272880321533,1.01841859199741
9.86375729307875e-05,5.0244095523752e-05
-4.12581980374143,0.923654634704774
0.000261079488865285,4.52173222762958e-05
6.8709359529908,0.975155490054205
-4.36620817861059e-06,4.6876498120382e-05
