"para_data","se_data"
-4.58785799997492,1.26760427240617
8.38099507104492e-05,7.60625942864054e-05
-3.83595600063411,1.34836317556425
0.000198753206368993,8.10071861805224e-05
7.02175299719059,1.20860776814472
1e-05,7.18793807360325e-05
