"para_data","se_data"
-2.83855899999908,0.116868696120626
3.78951976577918e-07,8.27648545733145e-06
-0.0052669269995644,0.0309648501101829
3.84896177759177e-07,4.46059161869997e-06
0.0115960199622878,0.000493680349938634
0.0153508199667599,0.000576676526190114
0.0171125199876214,NA
0.0649145100371146,0.00194240180783974
0.097306049989833,0.00328209212213885
