"para_data","se_data"
-1.43081076917501,0.0531717213184563
-0.941264877303514,0.0494241215182941
-0.380072070314374,0.0486343306931796
-2.23632747837182,0.0659113502725857
0.712500853646137,0.0627943293800149
-0.60153577910721,0.0512392076677801
-0.536785762168447,0.0499887576573437
-0.597839589128714,0.0476606294923402
-0.911191137677507,0.0519154584623258
-0.965609938155482,0.0457954939231755
3172.70912689368,54.8903122628558
