"para_data","se_data"
2.38932706220869,0.000234897185175408
0.954229576240112,0.000346422010444881
0.297563348262542,NA
-0.630415569641085,NA
1.48551290461024,0.000272833625513274
0.974002854928087,0.000190093588895332
0.532095503933266,0.000388739005060824
0.567214533377092,NA
1.0260939798034,0.00016146698324562
0.694937469222359,0.000156173029616905
3223.18765685033,16.393343214993
