"para_data","se_data"
-0.207248728188644,0.0439462029948468
-0.892412176515631,0.0435359257777763
-1.53635827394445,0.0484753159636157
0.300198471737918,0.0495937623433012
1.11227444890161,0.0670111446940775
-0.258655163476495,0.0436370780770405
0.207438437856081,0.0492060880620139
0.737769748796373,0.0617264895401044
-0.756003139805125,0.0427312638256108
-1.01692982147584,0.0427408432227615
3470.50772049939,42.2771934800944
