"para_data","se_data"
-2.09319086337485,0.0938406469031678
-2.94187844570117,0.12230718623511
-4.13937449588324,0.202977792117995
2.02824473895296,0.272268815745551
-1.10677228831821,0.0823815375202381
-2.2516858173222,0.0977589635961189
-1.70824988533048,0.0866815890305994
-0.593337410637084,0.0871740756265909
-4.41046731865966,0.221712752515506
-2.98443351926656,0.123908794581416
1674.89313963053,63.405181927088
