"para_data","se_data"
1.04562111920564,NA
-0.041583071695489,0.000213492064839634
-0.939368371867882,NA
0.449193479479208,0.000249697337388689
1.93951658744687,NA
-0.763559791999221,NA
0.016638338899473,0.00012727908739839
0.581243403098523,NA
-0.394443112714264,NA
-1.28445280187194,NA
3216.99292318303,28.4279611928069
