"para_data","se_data"
1.05950786017127,NA
-0.035499071991813,7.24457285350751e-05
-0.902569080568352,0.000430435560622336
0.479758868422393,9.81215140884604e-05
2.00015104527468,0.00012075554484446
-0.474666364349985,NA
-0.850789925011979,NA
-1.26556173714607,NA
-0.591879006552632,8.75454212905103e-05
-0.160460027826251,8.26187178637902e-05
3183.51377791013,29.6558098118483
