"para_data","se_data"
1.0816973802066,0.000184543441178746
-0.0366722675512406,NA
-0.928664582989665,0.000462794355794236
0.476655493455841,NA
1.97564969435308,NA
-1.37107508453548,0.000164285774039539
-0.810513556282407,NA
-0.48538868845877,0.000414404924124338
-0.994021215157217,NA
-1.63032637195926,NA
3194.97220852478,29.6956628508496
