"para_data","se_data"
1.02526354221254,0.000151385946415926
-0.0314573339628405,0.000109280179217726
-0.908630186820245,0.000510320969793594
0.458931969518466,NA
1.95585166366922,0.000146958300536339
0.702144268337389,0.000109624553849684
-0.0102904211401818,NA
-0.633401824975186,0.00048541707555906
0.371428888408223,NA
1.31109493928373,0.00017613646584301
3199.14274018732,28.254518456368
