"para_data","se_data"
1.01476239632314,0.000888608609500632
-0.0295564498971965,0.000327089849727504
-0.918164851016821,NA
0.447066529282832,0.000153547764298638
1.94933787560123,NA
1.2859407092866,0.000192473128630741
0.820710706328038,0.000285627442365763
0.463604679881962,0.000102480741277514
1.14435463895719,0.000123317671083241
1.68098891007507,0.000228671556424035
3208.1123248691,27.0095742222745
