"para_data","se_data"
1.01075668514225,NA
-0.0445819783313964,0.000128851774922305
-0.920040045718672,NA
0.410427708536689,3.1123746311031e-05
1.94793409385761,NA
2.13115997869159,NA
1.9959223542372,0.000364997017091918
2.07752835896898,NA
2.27133428818384,2.00502145154895e-05
2.14090307313052,0.000110357609905
3223.88876802416,25.9687188436498
