"para_data","se_data"
1.19343393124629,0.000300408370719422
0.0370809805396137,NA
-0.864486114122413,6.09844525421359e-05
0.530473549058622,NA
2.12766302169624,NA
-2.13112159377785,0.00028492473907412
-2.1853035425324,NA
-2.1608307838879,NA
-2.07159171250271,NA
-2.16943503406037,0.000134212733350483
3102.11536953195,30.6803359324778
