"para_data","se_data"
1.04779559169791,NA
-0.0294296930803534,0.000170910327604715
-0.91252189933011,NA
0.462804640768734,NA
1.98871240653863,NA
-0.0161629529697709,NA
0.0141590090460235,0.000475533600298424
-0.0127053515633271,NA
-0.0298695080331308,NA
0.0510903452046738,NA
3192.98647558399,28.2409613351452
