"para_data","se_data"
1.0191679490145,NA
-0.0289921362104044,NA
-0.935459369679586,NA
0.44069496994143,NA
1.92359161426035,0.000193991107431686
0.392810049925566,NA
0.842310889404687,NA
1.15835133283732,NA
0.63309675722537,NA
0.254150693096821,NA
3218.80472254624,27.1167698035228
